source_layer,date,type,job_number,title,category,unit_id,unit_name,budget_amount,total_award_amount,bottom_price,winner_names,winner_ids,winner_count,bidder_count,date_formatted,fiscal_year,track
bamid_full,20120914,決標公告,D101-003,「2013法國坎城MEDEM國際唱片展業務及表演活動」採購案,,A.25.2,文化部影視及流行音樂產業局,14500000.0,14390275.0,14390275.0,大京藝術創新有限公司,53353559,1,1,2012-09-14,101,procurement
bamid_full,20120813,決標公告,D101-004,「2012年美國紐約音樂節演出活動」採購案,,A.25.2,文化部影視及流行音樂產業局,6400000.0,6320000.0,6340000.0,原人音樂股份有限公司,28479524,1,2,2012-08-13,101,procurement
bamid_full,20120820,決標公告,D101-005,辦理「2013年美國南音樂節（SXSW）展演活動」,,A.25.2,文化部影視及流行音樂產業局,6400000.0,6320000.0,6320000.0,這牆音樂藝文展演空間有限公司,80540394,1,2,2012-08-20,101,procurement
bamid_full,20120913,決標公告,D101-011,辦理「2013年東南亞地區音樂節展演活動」,,A.25.2,文化部影視及流行音樂產業局,6100000.0,5990000.0,5990000.0,典選音樂事業股份有限公司,80597396,1,3,2012-09-13,101,procurement
bamid_full,20120822,定期彙送,D101-014,辦理「2012年東北亞地區音樂節展演活動」擴充專業燈光音效等人員,,A.25.2,文化部影視及流行音樂產業局,857500.0,,,,,0,0,2012-08-22,101,procurement
bamid_full,20120925,定期彙送,D101-019,辦理「2012年美國紐約音樂節演出活動」行前記者會,,A.25.2,文化部影視及流行音樂產業局,194000.0,,,,,0,0,2012-09-25,101,procurement
bamid_full,20121112,決標公告,D101-024,辦理「第24屆金曲獎報名、線上審聽評分網站暨複決審作業系統功能增修及維護」採購案,,A.25.2,文化部影視及流行音樂產業局,4000000.0,3700000.0,3700000.0,原人音樂股份有限公司,28479524,1,1,2012-11-12,101,procurement
bamid_full,20130122,更正決標公告,D101-027,辦理「第24屆流行音樂金曲獎頒獎典禮活動」,,A.25.2,文化部影視及流行音樂產業局,4000000.0,17800000.0,17850000.0,東風文化製作股份有限公司,29046912,1,3,2013-01-22,102,procurement
bamid_full,20130111,決標公告,D101-028,辦理「2013年日本地區音樂節展演活動」,,A.25.2,文化部影視及流行音樂產業局,4500000.0,4360000.0,4360000.0,這牆音樂藝文展演空間有限公司,80540394,1,2,2013-01-11,102,procurement
bamid_full,20130111,決標公告,D101-029,辦理「2013年歐洲地區音樂節展演活動」,,A.25.2,文化部影視及流行音樂產業局,9500000.0,9360000.0,9360000.0,河岸留言音樂製造有限公司,28486573,1,5,2013-01-11,102,procurement
bamid_full,20130416,更正決標公告,D101-047,辦理「第24屆傳統暨藝術音樂金曲獎頒獎典禮活動」,,A.25.2,文化部影視及流行音樂產業局,10000000.0,9840000.0,9840000.0,新視紀整合行銷傳播股份有限公司,70370954,1,1,2013-04-16,102,procurement
bamid_full,20130225,更正決標公告,D101-049,辦理「第4屆金音獎頒獎典禮及相關宣傳推廣活動」,,A.25.2,文化部影視及流行音樂產業局,15000000.0,14800000.0,14800000.0,東風文化製作股份有限公司,29046912,1,1,2013-02-25,102,procurement
bamid_full,20130225,更正決標公告,D102-001,辦理「2013年GMX金曲音樂節」,,A.25.2,文化部影視及流行音樂產業局,1450000.0,1438000.0,1438000.0,滾石文化股份有限公司,23915168,1,1,2013-02-25,102,procurement
bamid_full,20130502,決標公告,D102-004,辦理「推動流行音樂專案辦公室」,,A.25.2,文化部影視及流行音樂產業局,13000000.0,12200000.0,12453500.0,吉力文化有限公司,54172964,1,1,2013-05-02,102,procurement
bamid_full,20130322,決標公告,D102-006,辦理「102年度補助樂團錄製有聲出版品案推廣活動暨成果發表」,,A.25.2,文化部影視及流行音樂產業局,6100000.0,5950000.0,6000000.0,這牆音樂藝文展演空間有限公司,80540394,1,1,2013-03-22,102,procurement
bamid_full,20130314,決標公告,D102-010,辦理「102年臺灣原創流行音樂大奬決賽頒奬典禮及宣傳推廣活動」,,A.25.2,文化部影視及流行音樂產業局,8700000.0,8500000.0,8500000.0,新視紀整合行銷傳播股份有限公司,70370954,1,1,2013-03-14,102,procurement
bamid_full,20130501,決標公告,D102-011,辦理「102年台灣流行音樂產業資訊網站維運」,,A.25.2,文化部影視及流行音樂產業局,2500000.0,2300000.0,2300000.0,原創文化科技股份有限公司,53104497,1,4,2013-05-01,102,procurement
bamid_full,20130510,決標公告,D102-016,辦理「2013年美國紐約音樂節（CMJ Music Marathon）演出活動」,,A.25.2,文化部影視及流行音樂產業局,6400000.0,6340000.0,6340000.0,大京藝術創新有限公司,53353559,1,2,2013-05-10,102,procurement
bamid_full,20130403,決標公告,D102-017,辦理「第四屆金音創作奬報名受理、參賽作品轉檔轉存暨線上評分系統建置維護」,,A.25.2,文化部影視及流行音樂產業局,3000000.0,2900000.0,2900000.0,原人音樂股份有限公司,28479524,1,1,2013-04-03,102,procurement
bamid_full,20130723,決標公告,D102-019,辦理「102年硬地音樂校園巡演活動」,,A.25.2,文化部影視及流行音樂產業局,6300000.0,6000000.0,6050000.0,這牆音樂藝文展演空間有限公司,80540394,1,2,2013-07-23,102,procurement
bamid_full,20130412,決標公告,D102-020,辦理「102年流行音樂產業調查」,,A.25.2,文化部影視及流行音樂產業局,3200000.0,3100000.0,3100000.0,思多葛市場研究股份有限公司,53321488,1,1,2013-04-12,102,procurement
bamid_full,20130905,決標公告,D102-022,辦理「102年-流行音樂產業優才育成」,,A.25.2,文化部影視及流行音樂產業局,8000000.0,6044000.0,6044000.0,闊耳演藝經紀事務股份有限公司,54163297,1,5,2013-09-05,102,procurement
bamid_full,20130820,定期彙送,D102-037,辦理「臺灣創作樂團資料蒐集計畫」,,A.25.2,文化部影視及流行音樂產業局,890000.0,,,,,0,0,2013-08-20,102,procurement
bamid_full,20130905,決標公告,D102-039,辦理「2014年法國坎城MIDEM國際唱片展業務及表演活動」,,A.25.2,文化部影視及流行音樂產業局,14450000.0,14150000.0,14150000.0,大京藝術創新有限公司,53353559,1,1,2013-09-05,102,procurement
bamid_full,20131120,決標公告,D102-041,辦理「2014年日本地區音樂節等展演活動」,,A.25.2,文化部影視及流行音樂產業局,8500000.0,8300000.0,8325350.0,衝組創玩有限公司,53088840,1,3,2013-11-20,102,procurement
bamid_full,20140110,決標公告,D102-044,辦理「2014年參與Music Matters 音樂節暨Java Rockin’ Land音樂節展演活動」,,A.25.2,文化部影視及流行音樂產業局,6200000.0,6140000.0,6140000.0,典選音樂事業股份有限公司,80597396,1,4,2014-01-10,103,procurement
bamid_full,20131018,定期彙送,D102-045,辦理「我國青少年族群對流行音樂使用行為與習慣調查」,,A.25.2,文化部影視及流行音樂產業局,854438.0,,,,,0,0,2013-10-18,102,procurement
bamid_full,20131227,決標公告,D102-047,辦理「金曲奬報名及評分系統維運」,,A.25.2,文化部影視及流行音樂產業局,4000000.0,3900000.0,3900000.0,原人音樂股份有限公司,28479524,1,1,2013-12-27,102,procurement
bamid_full,20140122,決標公告,D102-048,辦理「台灣流行音樂產業資訊網103年度維運」,,A.25.2,文化部影視及流行音樂產業局,2800000.0,2736200.0,2736200.0,原創文化科技股份有限公司,53104497,1,1,2014-01-22,103,procurement
bamid_full,20140122,決標公告,D102-051,辦理「103年原創流行音樂大奬頒奬典禮及相關活動」,,A.25.2,文化部影視及流行音樂產業局,8700000.0,8675000.0,8675000.0,新視紀整合行銷傳播股份有限公司,70370954,1,2,2014-01-22,103,procurement
bamid_full,20140122,決標公告,D102-052,辦理103年「推動流行音樂專案辦公室」,,A.25.2,文化部影視及流行音樂產業局,13000000.0,12999800.0,12999800.0,吉力文化有限公司,54172964,1,2,2014-01-22,103,procurement
bamid_full,20140307,決標公告,D102-057,辦理「第五屆金音創作奬頒奬典禮及相關宣傳推廣活動」,,A.25.2,文化部影視及流行音樂產業局,15000000.0,14920000.0,14920000.0,新視紀整合行銷傳播股份有限公司,70370954,1,4,2014-03-07,103,procurement
bamid_full,20140326,決標公告,D103-003,辦理「2014年加拿大CMW音樂節演出活動」,,A.25.2,文化部影視及流行音樂產業局,6500000.0,6440000.0,6440000.0,典選音樂事業股份有限公司,80597396,1,3,2014-03-26,103,procurement
bamid_full,20140307,決標公告,D103-005,辦理「2014年英國Glastonbury音樂節展演活動」,,A.25.2,文化部影視及流行音樂產業局,5800000.0,5800000.0,5800000.0,河岸留言音樂製造有限公司,28486573,1,1,2014-03-07,103,procurement
bamid_full,20140319,決標公告,D103-008,辦理「金曲獎頒獎典禮暨金曲國際音樂節等系列活動」,,A.25.2,文化部影視及流行音樂產業局,62000000.0,60000000.0,60000000.0,臺灣電視事業股份有限公司,20685000,1,3,2014-03-19,103,procurement
bamid_full,20140211,定期彙送,D103-009,辦理「臺灣流行音樂產業進入中國大陸面臨問題資料蒐集案」,,A.25.2,文化部影視及流行音樂產業局,808500.0,,,,,0,0,2014-02-11,103,procurement
bamid_full,20140324,決標公告,D103-010,辦理「流行音樂燈光及音響音控人才職能基準建置」,,A.25.2,文化部影視及流行音樂產業局,1600000.0,1490000.0,1550000.0,財團法人商業發展研究院,48902416,1,1,2014-03-24,103,procurement
bamid_full,20141201,決標公告,D103-011,辦理「天團接力計畫」,,A.25.2,文化部影視及流行音樂產業局,8000000.0,7998800.0,7998800.0,台灣音樂文化國際交流協會,98766984,1,3,2014-12-01,103,procurement
bamid_full,20140403,決標公告,D103-015,辦理「第五屆金音創作奬報名受理、參賽作品轉檔轉存暨線上評分系統建置維護」,,A.25.2,文化部影視及流行音樂產業局,2500000.0,2450000.0,2450000.0,原人音樂股份有限公司,28479524,1,1,2014-04-03,103,procurement
bamid_full,20140624,更正決標公告,D103-016,辦理「102年流行音樂產業調查」,,A.25.2,文化部影視及流行音樂產業局,2790000.0,2789493.0,2789493.0,思多葛市場研究股份有限公司,53321488,1,2,2014-06-24,103,procurement
bamid_full,20140417,決標公告,D103-018,辦理「103年度硬地音樂宣傳推廣暨成果發表」,,A.25.2,文化部影視及流行音樂產業局,8500000.0,8400000.0,8400000.0,這牆音樂藝文展演空間股份有限公司,80540394,1,4,2014-04-17,103,procurement
bamid_full,20140403,定期彙送,D103-025,辦理「流行音樂數位化流通利用之環境整備」先期研究,,A.25.2,文化部影視及流行音樂產業局,900000.0,,,,,0,0,2014-04-03,103,procurement
bamid_full,20140626,決標公告,D103-027,辦理「2014赴美國紐約音樂節（CMJ Music Marathon）參與演出活,,A.25.2,文化部影視及流行音樂產業局,6300000.0,6250000.0,6250000.0,大京藝術創新有限公司,53353559,1,3,2014-06-26,103,procurement
bamid_full,20141126,決標公告,D103-031,辦理「2015年法國坎城MIDEM國際唱片展業務及表演活動」,,A.25.2,文化部影視及流行音樂產業局,14500000.0,14449660.0,14449660.0,大京藝術創新有限公司,53353559,1,1,2014-11-26,103,procurement
bamid_full,20140805,無法決標公告,D103-035,辦理「103年我國都會青年族群對流行音樂使用行為與習慣調查」,,A.25.2,文化部影視及流行音樂產業局,800000.0,,,,,0,0,2014-08-05,103,procurement
bamid_full,20141106,決標公告,D103-054,辦理「2015年赴美國南方音樂節（SXSW）參與演出活動」,,A.25.2,文化部影視及流行音樂產業局,8600000.0,8476073.0,8476073.0,大京藝術創新有限公司,53353559,1,4,2014-11-06,103,procurement
bamid_full,20141209,決標公告,D103-075,辦理「104年金曲獎報名及評分系統維運」,,A.25.2,文化部影視及流行音樂產業局,4000000.0,3870000.0,3870000.0,原人音樂股份有限公司,28479524,1,1,2014-12-09,103,procurement
bamid_full,20141215,決標公告,D103-079,辦理「金曲獎頒獎典禮暨金曲國際音樂節等系列活動」,,A.25.2,文化部影視及流行音樂產業局,62000000.0,60000000.0,60000000.0,臺灣電視事業股份有限公司,20685000,1,1,2014-12-15,103,procurement
bamid_full,20141216,決標公告,D103-084,辦理「2015年日本地區音樂節暨辦理臺灣之夜活動」,,A.25.2,文化部影視及流行音樂產業局,8500000.0,8350000.0,8400350.0,衝組創玩有限公司,53088840,1,1,2014-12-16,103,procurement
bamid_full,20141216,決標公告,D103-085,辦理「2015年參與新加坡Music Matters 音樂節暨印尼Java Rockin’Land音樂節展演活動」,,A.25.2,文化部影視及流行音樂產業局,6200000.0,6182950.0,6182950.0,典選音樂事業股份有限公司,80597396,1,1,2014-12-16,103,procurement
bamid_full,20150106,決標公告,D103-088,辦理「104年臺灣原創流行音樂大奬頒奬典禮及相關推廣活動」,,A.25.2,文化部影視及流行音樂產業局,8675000.0,8653000.0,8653000.0,新視紀整合行銷傳播股份有限公司,70370954,1,1,2015-01-06,104,procurement
bamid_full,20150325,決標公告,D104-002,辦理「流行音樂行動寛頻創新運用輔導計畫」,,A.25.2,文化部影視及流行音樂產業局,12000000.0,11940000.0,11940000.0,社團法人台灣數位文化協會,48760459,1,3,2015-03-25,104,procurement
bamid_full,20150306,決標公告,D104-005,辦理「2015年英國Glastonbury音樂節參與演活動」,,A.25.2,文化部影視及流行音樂產業局,6100000.0,6028800.0,6028800.0,河岸留言音樂製造有限公司,28486573,1,1,2015-03-06,104,procurement
bamid_full,20150327,決標公告,D104-009,辦理「國際流行音樂產業資訊蒐彙分析」,,A.25.2,文化部影視及流行音樂產業局,2300000.0,2200000.0,2200000.0,吉力文化有限公司,54172964,1,3,2015-03-27,104,procurement
bamid_full,20150515,決標公告,D104-010,辦理「103年流行音樂產業暨消費行為調查」,,A.25.2,文化部影視及流行音樂產業局,3100000.0,3035800.0,3035800.0,易學堂國際股份有限公司,27735167,1,4,2015-05-15,104,procurement
bamid_full,20150515,決標公告,D104-013,辦理「臺灣特色音樂國際展演之輸出與交流計畫 」,,A.25.2,文化部影視及流行音樂產業局,13500000.0,13000000.0,13000000.0,角頭文化事業股份有限公司,16285988,1,1,2015-05-15,104,procurement
bamid_full,20150302,決標公告,D104-017,辦理「第六屆金音創作獎頒獎典禮及相關宣傳推廣活動」,,A.25.2,文化部影視及流行音樂產業局,15000000.0,14950000.0,14950000.0,新視紀整合行銷傳播股份有限公司,70370954,1,1,2015-03-02,104,procurement
bamid_full,20150609,決標公告,D104-019,辦理「104年臺灣樂團潮暨系列活動」,,A.25.2,文化部影視及流行音樂產業局,8350000.0,8250000.0,8250000.0,必應創造股份有限公司,54663862,1,4,2015-06-09,104,procurement
bamid_full,20150514,決標公告,D104-027,辦理「第6屆金音創作奬報名受理、參賽作品轉檔轉存暨線上評分系統建置維護」,,A.25.2,文化部影視及流行音樂產業局,2500000.0,2380000.0,2380000.0,原人音樂股份有限公司,28479524,1,1,2015-05-14,104,procurement
bamid_full,20150908,決標公告,D104-028,辦理「104年度流行音樂產業國際交流工作坊」,,A.25.2,文化部影視及流行音樂產業局,3900000.0,3490000.0,3490000.0,若谷股份有限公司,27998999,1,2,2015-09-08,104,procurement
bamid_full,20150708,決標公告,D104-031,2015年赴美國紐約音樂節（CMJ Music Marathon）參與演出活動,,A.25.2,文化部影視及流行音樂產業局,6700000.0,6615000.0,6615000.0,大京藝術創新有限公司,53353559,1,2,2015-07-08,104,procurement
bamid_full,20150902,決標公告,D104-044,辦理「104年流行音樂產業職能專業基準及其課程研發」,,A.25.2,文化部影視及流行音樂產業局,1200000.0,1150000.0,1150000.0,財團法人商業發展研究院,48902416,1,1,2015-09-02,104,procurement
bamid_full,20150923,決標公告,D104-047,辦理「流行音樂輸出海外市場分析及策略分析」,,A.25.2,文化部影視及流行音樂產業局,2700000.0,2640250.0,2640250.0,財團法人商業發展研究院,48902416,1,1,2015-09-23,104,procurement
bamid_full,20151023,決標公告,D104-057,辦理「2016年赴美國南方音樂節」（SXSW）參與演出活動,,A.25.2,文化部影視及流行音樂產業局,8600000.0,8458000.0,8458000.0,大京藝術創新有限公司,53353559,1,1,2015-10-23,104,procurement
bamid_full,20151207,決標公告,D104-061,辦理「2016年參與日本地區音樂節暨辦理臺灣之夜活動」,,A.25.2,文化部影視及流行音樂產業局,10500000.0,10300000.0,10380000.0,台灣獨立音樂協會,29220622,1,3,2015-12-07,104,procurement
bamid_full,20151208,決標公告,D104-066,辦理「105年臺灣原創流行音樂大奬決賽頒奬典禮及相關宣傳推廣活動」,,A.25.2,文化部影視及流行音樂產業局,8700000.0,8601000.0,8601000.0,新視紀整合行銷傳播股份有限公司,70370954,1,2,2015-12-08,104,procurement
bamid_full,20151223,決標公告,D104-067,辦理「金曲獎頒獎典禮暨金曲國際音樂節等系列活動」,,A.25.2,文化部影視及流行音樂產業局,62000000.0,61500000.0,61500000.0,臺灣電視事業股份有限公司,20685000,1,2,2015-12-23,104,procurement
bamid_full,20151210,決標公告,D104-070,辦理「104年度流行音樂產業人才供需調查」,,A.25.2,文化部影視及流行音樂產業局,1500000.0,1466250.0,1466250.0,思多葛市場研究股份有限公司,53321488,1,2,2015-12-10,104,procurement
bamid_full,20151104,決標公告,D104-076,辦理「105年法國坎城MIDEM國際唱片展業務及表演活動」,,A.25.2,文化部影視及流行音樂產業局,14500000.0,14447875.0,14447875.0,大京藝術創新有限公司,53353559,1,1,2015-11-04,104,procurement
bamid_full,20151125,決標公告,D104-084,辦理「105年金曲獎報名及評分系統維運」,,A.25.2,文化部影視及流行音樂產業局,4000000.0,3740000.0,3740000.0,原人音樂股份有限公司,28479524,1,1,2015-11-25,104,procurement
bamid_full,20151229,定期彙送,D104-088,辦理「研議設立臺灣流行音樂排行榜」專題分析,,A.25.2,文化部影視及流行音樂產業局,300000.0,,,,,0,0,2015-12-29,104,procurement
bamid_full,20160119,決標公告,D104-089,辦理「流行音樂產業網路趨勢發展之巨量資料運用」,,A.25.2,文化部影視及流行音樂產業局,4600000.0,4450000.0,4533750.0,潮網科技股份有限公司,25128095,1,4,2016-01-19,105,procurement
bamid_full,20160130,決標公告,D104-097,辦理「104年流行音樂產業調查暨105年產業動態統計」,,A.25.2,文化部影視及流行音樂產業局,3500000.0,3208220.0,3208220.0,思多葛市場研究股份有限公司,53321488,1,1,2016-01-30,105,procurement
bamid_full,20160216,決標公告,D104-102,辦理「國際流行音樂產業資訊蒐彙分析」,,A.25.2,文化部影視及流行音樂產業局,2300000.0,2136000.0,2136000.0,吉力文化有限公司,54172964,1,4,2016-02-16,105,procurement
bamid_full,20160316,決標公告,D105-001,辦理「第七屆金音創作獎頒獎典禮活動」,,A.25.2,文化部影視及流行音樂產業局,16000000.0,15980000.0,15980000.0,新視紀整合行銷傳播股份有限公司,70370954,1,3,2016-03-16,105,procurement
bamid_full,20160328,決標公告,D105-003,辦理「臺灣特色音樂國際展演之輸出與交流計畫」,,A.25.2,文化部影視及流行音樂產業局,13800000.0,13634500.0,13634500.0,風潮音樂經紀股份有限公司,97109809,1,4,2016-03-28,105,procurement
bamid_full,20160316,決標公告,D105-004,辦理「105年度流行音樂創新應用新媒體輔導計畫」,,A.25.2,文化部影視及流行音樂產業局,8500000.0,8322000.0,8322000.0,泛科知識股份有限公司,24935439,1,2,2016-03-16,105,procurement
bamid_full,20160311,決標公告,D105-006,辦理「第7屆金音創作奬報名受理、參賽作品轉檔轉存暨線上評分系統建置維護」,,A.25.2,文化部影視及流行音樂產業局,2850000.0,2750000.0,2750000.0,原人音樂股份有限公司,28479524,1,1,2016-03-11,105,procurement
bamid_full,20160325,決標公告,D105-007,辦理「105年臺灣樂團潮曁系列活動」,,A.25.2,文化部影視及流行音樂產業局,8000000.0,7990000.0,7994000.0,必應創造股份有限公司,54663862,1,3,2016-03-25,105,procurement
bamid_full,20160328,決標公告,D105-009,辦理「105年流行音樂產業職能專業基準及其課程研發」,,A.25.2,文化部影視及流行音樂產業局,1400000.0,1382700.0,1382700.0,財團法人商業發展研究院,48902416,1,1,2016-03-28,105,procurement
bamid_full,20160418,決標公告,D105-012,辦理「2016年英國Glastonbury音樂節參與演活動」,,A.25.2,文化部影視及流行音樂產業局,6000000.0,5664000.0,5664000.0,河岸留言音樂製造有限公司,28486573,1,2,2016-04-18,105,procurement
bamid_full,20160804,決標公告,D105-029,辦理「105年流行音樂國際交流工作坊」,,A.25.2,文化部影視及流行音樂產業局,5600000.0,5526000.0,5526000.0,若谷股份有限公司,27998999,1,1,2016-08-04,105,procurement
bamid_full,20160824,決標公告,D105-031,辦理「流行音樂尋光計畫」,,A.25.2,文化部影視及流行音樂產業局,6800000.0,6789000.0,6789000.0,台灣音樂文化國際交流協會,98766984,1,4,2016-08-24,105,procurement
bamid_full,20161212,決標公告,D105-046,辦理「2017年赴加拿大CMW音樂節参與演出活動」,,A.25.2,文化部影視及流行音樂產業局,6600000.0,6500000.0,6500000.0,點點點有限公司,54331457,1,5,2016-12-12,105,procurement
bamid_full,20161209,決標公告,D105-047,辦理「2017年法國坎城MIDEM國際唱片展業務及表演活動」,,A.25.2,文化部影視及流行音樂產業局,1450000.0,14200000.0,14200000.0,大京藝術創新有限公司,53353559,1,3,2016-12-09,105,procurement
bamid_full,20161031,決標公告,D105-048,辦理「流行音樂演出空間暨週邊軟硬體設施調查與建議」,,A.25.2,文化部影視及流行音樂產業局,3500000.0,3350000.0,3350000.0,台灣音樂文化國際交流協會,98766984,1,1,2016-10-31,105,procurement
bamid_full,20160905,定期彙送,D105-053,辦理105年「行動應用趨勢下臺灣音樂產業,,A.25.2,文化部影視及流行音樂產業局,600000.0,,,,,0,0,2016-09-05,105,procurement
bamid_full,20170724,更正決標公告,D105-067,辦理「2017年美國南方音樂節（SXSW）展演活動」,,A.25.2,文化部影視及流行音樂產業局,9000000.0,8936760.0,8936760.0,大京藝術創新有限公司,53353559,1,5,2017-07-24,106,procurement
bamid_full,20161206,決標公告,D105-070,辦理「金曲獎報名及評分系統維運」,,A.25.2,文化部影視及流行音樂產業局,3800000.0,3690000.0,3690000.0,原人音樂科技股份有限公司,28479524,1,1,2016-12-06,105,procurement
bamid_full,20170314,決標公告,D105-087,辦理「105年流行音樂產業調查暨106年產業動態統計」,,A.25.2,文化部影視及流行音樂產業局,3500000.0,3350000.0,3407000.0,國立政治大學,03807654,1,4,2017-03-14,106,procurement
bamid_full,20161222,決標公告,D105-091,辦理「106年臺灣特色音樂國際展演之輸出與交流計畫」,,A.25.2,文化部影視及流行音樂產業局,13800000.0,13600000.0,13600000.0,風潮音樂經紀股份有限公司,97109809,1,1,2016-12-22,105,procurement
bamid_full,20161222,決標公告,D105-096,辦理「106年臺灣原創流行音樂大獎決賽頒獎典禮及相關宣傳推廣活動」,,A.25.2,文化部影視及流行音樂產業局,8700000.0,8625000.0,8625000.0,新視紀整合行銷傳播股份有限公司,70370954,1,1,2016-12-22,105,procurement
bamid_full,20170106,決標公告,D105-097,辦理「金曲獎頒獎典禮暨金曲國際音樂節等系列活動」,,A.25.2,文化部影視及流行音樂產業局,62000000.0,61900000.0,61900000.0,臺灣電視事業股份有限公司,20685000,1,1,2017-01-06,106,procurement
bamid_full,20161222,決標公告,D105-098,辦理「106年參與日本地區音樂節暨辦理臺灣之夜活動」,,A.25.2,文化部影視及流行音樂產業局,10500000.0,10400000.0,10410000.0,台灣獨立音樂協會,29220622,1,1,2016-12-22,105,procurement
bamid_full,20170321,決標公告,D106-002,辦理「流行音樂產業網路趨勢發展之巨量資料運用」,,A.25.2,文化部影視及流行音樂產業局,4600000.0,4500000.0,4500000.0,潮網科技股份有限公司,25128095,1,4,2017-03-21,106,procurement
bamid_full,20170213,決標公告,D106-007,辦理「國際流行音樂產業資訊蒐彙分析」,,A.25.2,文化部影視及流行音樂產業局,2300000.0,2202585.0,2202585.0,吉力文化有限公司,54172964,1,1,2017-02-13,106,procurement
bamid_full,20170215,決標公告,D106-008,辦理「流行音樂創新應用新媒體輔導計畫」,,A.25.2,文化部影視及流行音樂產業局,8500000.0,8374000.0,8374000.0,泛科知識股份有限公司,24935439,1,1,2017-02-15,106,procurement
bamid_full,20170615,更正決標公告,D106-015,辦理「2017年赴英國參與國際音樂節演出活動」,,A.25.2,文化部影視及流行音樂產業局,5800000.0,5640000.0,5640000.0,河岸留言音樂製造有限公司,28486573,1,3,2017-06-15,106,procurement
bamid_full,20170224,決標公告,D106-016,辦理「第八屆金音創作獎頒獎典禮活動」,,A.25.2,文化部影視及流行音樂產業局,16000000.0,15900000.0,15900000.0,新視紀整合行銷傳播股份有限公司,70370954,1,1,2017-02-24,106,procurement
bamid_full,20170428,決標公告,D106-017,辦理「106年流行音樂尋光計畫」,,A.25.2,文化部影視及流行音樂產業局,6500000.0,6000000.0,6000000.0,河岸留言音樂製造有限公司,28486573,1,2,2017-04-28,106,procurement
bamid_full,20170505,決標公告,D106-018,辦理「流行音樂數位科技應用與創新商業模式之國際產業趨勢研析」,,A.25.2,文化部影視及流行音樂產業局,4900000.0,4830000.0,4830000.0,探照文化有限公司,69451681,1,4,2017-05-05,106,procurement
bamid_full,20170316,決標公告,D106-023,辦理「106年流行音樂產業職能專業基準及其課程研發」,,A.25.2,文化部影視及流行音樂產業局,1400000.0,1385000.0,1385000.0,財團法人商業發展研究院,48902416,1,1,2017-03-16,106,procurement
bamid_full,20170330,決標公告,D106-029,辦理「106年臺灣樂團潮暨系列活動」採購案(後續擴充),,A.25.2,文化部影視及流行音樂產業局,8000000.0,7980000.0,7980000.0,必應創造股份有限公司,54663862,1,1,2017-03-30,106,procurement
bamid_full,20170330,決標公告,D106-030,「第八屆金音創作獎報名受理、參賽作品轉檔轉存暨線上評分系統建置維護」採購案(後續擴充),,A.25.2,文化部影視及流行音樂產業局,2850000.0,2751000.0,2751000.0,原人音樂科技股份有限公司,28479524,1,1,2017-03-30,106,procurement
bamid_full,20170710,決標公告,D106-032,辦理「106年赴東南亞參與音樂節活動」,,A.25.2,文化部影視及流行音樂產業局,8200000.0,8120000.0,8120000.0,典選音樂事業股份有限公司,80597396,1,1,2017-07-10,106,procurement
bamid_full,20180524,更正決標公告,D106-040,「106年流行音樂投融資研訓課程」,,A.25.2,文化部影視及流行音樂產業局,1500000.0,1500000.0,1500000.0,中華民國創業投資商業公會,19343462,1,2,2018-05-24,107,procurement
bamid_full,20171109,決標公告,D106-041,辦理「金曲獎報名及評分系統維運」,,A.25.2,文化部影視及流行音樂產業局,3800000.0,3750000.0,3750000.0,原人音樂科技股份有限公司,28479524,1,1,2017-11-09,106,procurement
bamid_full,20190218,更正決標公告,D106-042,辦理「2018年美國南方音樂節（SXSW）展演活動」(後續擴充),,A.25.2,文化部影視及流行音樂產業局,9000000.0,8944688.0,8944688.0,大京藝術創新有限公司,53353559,1,1,2019-02-18,108,procurement
bamid_full,20171127,決標公告,D106-043,辦理「2018年赴加拿大CMW音樂節參與演出活動」,,A.25.2,文化部影視及流行音樂產業局,6600000.0,6530000.0,6530000.0,大京藝術創新有限公司,53353559,1,2,2017-11-27,106,procurement
bamid_full,20171222,決標公告,D106-044,辦理「金曲獎頒獎典禮暨金曲國際音樂節等系列活動」,,A.25.2,文化部影視及流行音樂產業局,65000000.0,64800000.0,64800000.0,臺灣電視事業股份有限公司,20685000,1,1,2017-12-22,106,procurement
bamid_full,20171228,決標公告,D106-046,辦理「107年參與日本地區音樂節暨產業交流活動」採購案,,A.25.2,文化部影視及流行音樂產業局,10700000.0,10500000.0,10500000.0,相知國際股份有限公司,24765244,1,3,2017-12-28,106,procurement
bamid_full,20171226,決標公告,D106-047,107年臺灣特色音樂國際展演之輸出與交流計畫,,A.25.2,文化部影視及流行音樂產業局,13800000.0,13730000.0,13730000.0,風潮音樂經紀股份有限公司,97109809,1,3,2017-12-26,106,procurement
bamid_full,20171221,決標公告,D106-050,107年臺灣原創流行音樂大獎決賽頒獎典禮及相關宣傳推廣活動,,A.25.2,文化部影視及流行音樂產業局,8800000.0,8750000.0,8750000.0,新視紀整合行銷傳播股份有限公司,70370954,1,3,2017-12-21,106,procurement
bamid_full,20180103,決標公告,D106-051,辦理「流行音樂拓展東南亞市場計畫」,,A.25.2,文化部影視及流行音樂產業局,13000000.0,12900000.0,12900000.0,角頭文化事業股份有限公司,16285988,1,5,2018-01-03,107,procurement
bamid_full,20171221,決標公告,D106-052,辦理「流行音樂配樂專業人才培訓計畫」,,A.25.2,文化部影視及流行音樂產業局,3600000.0,3493800.0,3493800.0,大禾音樂製作有限公司,24396122,1,3,2017-12-21,106,procurement
bamid_full,20180108,更正決標公告,D106-055,辦理「流行音樂國際交流工作坊」採購案,,A.25.2,文化部影視及流行音樂產業局,4600000.0,4570000.0,4570000.0,若谷股份有限公司,27998999,1,1,2018-01-08,107,procurement
bamid_full,20171229,決標公告,D106-064,2018年法國坎城MIDEM國際唱片展業務及表演活動,,A.25.2,文化部影視及流行音樂產業局,14500000.0,14427000.0,14427000.0,大京藝術創新有限公司,53353559,1,1,2017-12-29,106,procurement
bamid_full,20180327,決標公告,D107-001,流行音樂產業之網路巨量資料分析應用輔助計畫,,A.25.2,文化部影視及流行音樂產業局,4800000.0,4700000.0,4730000.0,潮網科技股份有限公司,25128095,1,3,2018-03-27,107,procurement
bamid_full,20190626,更正決標公告,D107-002,辦理「106年流行音樂產業調查暨107年產業動態統計」,,A.25.2,文化部影視及流行音樂產業局,3500000.0,3400000.0,3480000.0,國立政治大學,03807654,1,2,2019-06-26,108,procurement
bamid_full,20180315,決標公告,D107-003,辦理「流行音樂產業國際資訊蒐彙分析、推廣及應用」,,A.25.2,文化部影視及流行音樂產業局,3200000.0,3169000.0,3169000.0,吉力文化有限公司,54172964,1,2,2018-03-15,107,procurement
bamid_full,20180314,決標公告,D107-005,辦理「107年流行音樂產業職能專業基準及其課程研發」,,A.25.2,文化部影視及流行音樂產業局,1400000.0,1390000.0,1390000.0,財團法人商業發展研究院,48902416,1,2,2018-03-14,107,procurement
bamid_full,20190829,更正決標公告,D107-009,辦理「第九屆金音創作獎頒獎典禮暨亞洲硬地音樂大賞系列活動」,,A.25.2,文化部影視及流行音樂產業局,32000000.0,31600000.0,31800000.0,相知國際股份有限公司,24765244,1,5,2019-08-29,108,procurement
bamid_full,20180419,定期彙送,D107-014,「流行音樂補助申請案雲端登錄平台建置及維運」,,A.25.2,文化部影視及流行音樂產業局,980000.0,,,,,0,0,2018-04-19,107,procurement
bamid_full,20180427,決標公告,D107-015,「107年流行音樂產業新媒體運用暨內容推廣計畫」,,A.25.2,文化部影視及流行音樂產業局,8200000.0,8150000.0,8150000.0,泛科知識股份有限公司,24935439,1,1,2018-04-27,107,procurement
bamid_full,20180606,決標公告,D107-022,「金音創作獎報名及評分系統維運」,,A.25.2,文化部影視及流行音樂產業局,2950000.0,2900000.0,2900000.0,原人音樂科技股份有限公司,28479524,1,1,2018-06-06,107,procurement
bamid_full,20181120,決標公告,D107-025,「2019年美國南方音樂節(SXSW)展演活動」採購案,,A.25.2,文化部影視及流行音樂產業局,9200000.0,9090000.0,9090000.0,典選音樂事業股份有限公司,80597396,1,3,2018-11-20,107,procurement
bamid_full,20181128,決標公告,D107-030,2019年赴加拿大地區音樂節參與演出活動,,A.25.2,文化部影視及流行音樂產業局,6300000.0,6250000.0,6260000.0,典選音樂事業股份有限公司,80597396,1,2,2018-11-28,107,procurement
bamid_full,20181127,決標公告,D107-035,「金曲獎報名及評分系統維運」採購案(後續擴充),,A.25.2,文化部影視及流行音樂產業局,3800000.0,3750000.0,3750000.0,原人音樂科技股份有限公司,28479524,1,1,2018-11-27,107,procurement
bamid_full,20190109,決標公告,D107-036,2019年赴法國坎城MIDEM國際唱片展業務暨巴黎演出活動,,A.25.2,文化部影視及流行音樂產業局,14850000.0,14776000.0,14776000.0,大京藝術創新有限公司,53353559,1,1,2019-01-09,108,procurement
bamid_full,20190110,定期彙送,D107-039,「跨界匯流下音樂IP的挑戰與機會專題分析」,,A.25.2,文化部影視及流行音樂產業局,600000.0,,,,,0,0,2019-01-10,108,procurement
bamid_full,20190108,決標公告,D107-043,「108年流行音樂產業新媒體運用暨內容推廣計畫」採購案(後續擴充),,A.25.2,文化部影視及流行音樂產業局,8200000.0,8180000.0,8180000.0,泛科知識股份有限公司,24935439,1,1,2019-01-08,108,procurement
bamid_full,20181226,決標公告,D107-044,金曲獎頒獎典禮暨金曲國際音樂節等系列活動,,A.25.2,文化部影視及流行音樂產業局,65000000.0,64850000.0,64850000.0,臺灣電視事業股份有限公司,20685000,1,1,2018-12-26,107,procurement
bamid_full,20190108,決標公告,D107-047,「108年臺灣原創流行音樂大獎決賽頒獎典禮及相關宣傳推廣活動」採購案(後續擴充),,A.25.2,文化部影視及流行音樂產業局,8800000.0,8770000.0,8770000.0,新視紀整合行銷傳播股份有限公司,70370954,1,1,2019-01-08,108,procurement
bamid_full,20190108,決標公告,D107-048,「108年參與日本地區音樂節暨產業交流活動」採購案(後續擴充),,A.25.2,文化部影視及流行音樂產業局,10700000.0,10500000.0,10600000.0,相知國際股份有限公司,24765244,1,1,2019-01-08,108,procurement
bamid_full,20190108,決標公告,D107-049,「108年臺灣特色音樂國際展演之輸出與交流計畫」採購案（後續擴充）,,A.25.2,文化部影視及流行音樂產業局,13800000.0,13760000.0,13760000.0,風潮音樂經紀股份有限公司,97109809,1,1,2019-01-08,108,procurement
bamid_full,20190311,決標公告,D108-001,「流行音樂補助申請案雲端登錄平台維運」採購案,,A.25.2,文化部影視及流行音樂產業局,1000000.0,980000.0,980000.0,睿圓影音科技有限公司,50854170,1,1,2019-03-11,108,procurement
bamid_full,20190119,決標公告,D108-002,「流行音樂產業之網路巨量資料分析應用輔助計畫」採購案 (後續擴充),,A.25.2,文化部影視及流行音樂產業局,4800000.0,4700000.0,4700000.0,潮網科技股份有限公司,25128095,1,1,2019-01-19,108,procurement
bamid_full,20190320,決標公告,D108-003,「金音創作獎視覺設計暨運用推廣」採購案,,A.25.2,文化部影視及流行音樂產業局,4000000.0,3940000.0,3940000.0,過度有限公司,42639895,1,1,2019-03-20,108,procurement
bamid_full,20190129,決標公告,D108-004,流行音樂產業國際資訊蒐彙分析、推廣及應用」採購案(後續擴充),,A.25.2,文化部影視及流行音樂產業局,3200000.0,3160000.0,3160000.0,吉力文化有限公司,54172964,1,1,2019-01-29,108,procurement
bamid_full,20190311,決標公告,D108-005,辦理「108年流行音樂拓展東南亞市場計畫」採購案,,A.25.2,文化部影視及流行音樂產業局,13000000.0,12970000.0,12970000.0,角頭文化事業股份有限公司,16285988,1,3,2019-03-11,108,procurement
bamid_full,20190328,決標公告,D108-006,「第十屆金音創作獎頒獎典禮暨亞洲音樂大賞系列活動」採購案,,A.25.2,文化部影視及流行音樂產業局,35000000.0,34580000.0,34580000.0,必應創造股份有限公司,54663862,1,2,2019-03-28,108,procurement
bamid_full,20190401,決標公告,D108-007,「2019年赴韓國參與音樂節演出活動」採購案,,A.25.2,文化部影視及流行音樂產業局,6300000.0,6250000.0,6250000.0,新視紀整合行銷傳播股份有限公司,70370954,1,5,2019-04-01,108,procurement
bamid_full,20190212,決標公告,D108-009,「107年流行音樂產業調查暨108年產業動態統計」採購案(後續擴充),,A.25.2,文化部影視及流行音樂產業局,3500000.0,3480000.0,3480000.0,國立政治大學,03807654,1,1,2019-02-12,108,procurement
bamid_full,20190415,決標公告,D108-010,「金音創作獎報名及評分系統維運」採購案,,A.25.2,文化部影視及流行音樂產業局,2950000.0,2900000.0,2900000.0,睿圓影音科技有限公司,50854170,1,1,2019-04-15,108,procurement
bamid_full,20190524,定期彙送,D108-024,第30屆金曲獎複審及決審會議租用音響設備,,A.25.2,文化部影視及流行音樂產業局,293000.0,,,,,0,0,2019-05-24,108,procurement
bamid_full,20200908,更正決標公告,D108-027,「2020年美國南方音樂節(SXSW)展演活動」採購案,,A.25.2,文化部影視及流行音樂產業局,8700000.0,8560000.0,8560000.0,典選音樂事業股份有限公司,80597396,1,2,2020-09-08,109,procurement
bamid_full,20191216,決標公告,D108-030,「金曲獎頒獎典禮暨金曲國際音樂節等系列活動」,,A.25.2,文化部影視及流行音樂產業局,65000000.0,64800000.0,64800000.0,臺灣電視事業股份有限公司,20685000,1,1,2019-12-16,108,procurement
bamid_full,20200611,更正決標公告,D108-032,「金曲獎報名及評分系統維運」採購案(後續擴充),,A.25.2,文化部影視及流行音樂產業局,3800000.0,3750000.0,3750000.0,原人音樂科技股份有限公司,28479524,1,1,2020-06-11,109,procurement
bamid_full,20191216,決標公告,D108-033,「109年流行音樂產業新媒體運用暨內容推廣計畫」採購案,,A.25.2,文化部影視及流行音樂產業局,8500000.0,8450000.0,8450000.0,泛科知識股份有限公司,24935439,1,2,2019-12-16,108,procurement
bamid_full,20210527,更正決標公告,D108-035,「109年赴日本參與音樂節演出暨產業交流活動」採購案,,A.25.2,文化部影視及流行音樂產業局,15000000.0,14800000.0,14800000.0,火氣音樂股份有限公司,42636898,1,2,2021-05-27,110,procurement
bamid_full,20191223,決標公告,D108-038,「109年臺灣原創流行音樂大獎決賽頒獎典禮及相關宣傳推廣活動」採購案,,A.25.2,文化部影視及流行音樂產業局,9300000.0,9250000.0,9250000.0,新視紀整合行銷傳播股份有限公司,70370954,1,2,2019-12-23,108,procurement
bamid_full,20191212,決標公告,D108-039,「流行音樂產業之網路巨量資料分析應用輔助計畫」採購案,,A.25.2,文化部影視及流行音樂產業局,6000000.0,5850000.0,5850000.0,潮網科技股份有限公司,25128095,1,1,2019-12-12,108,procurement
bamid_full,20191121,定期彙送,D108-042,業務用筆記型電腦採購案,,A.25.2,文化部影視及流行音樂產業局,188990.0,,,,,0,0,2019-11-21,108,procurement
bamid_full,20211125,更正決標公告,D108-043,「臺灣特色音樂國際展演之輸出與交流計畫」採購案,,A.25.2,文化部影視及流行音樂產業局,13800000.0,13740000.0,13740000.0,風潮音樂經紀股份有限公司,97109809,1,2,2021-11-25,110,procurement
bamid_full,20220120,定期彙送,D108-043-C,「109年臺灣特色音樂國際展演之輸出與交流計畫」採購案110年無法沿用項目金額結算,,A.25.2,文化部影視及流行音樂產業局,224590.0,,,,,0,0,2022-01-20,111,procurement
bamid_full,20191219,決標公告,D108-044,2020年赴韓國參與音樂節演出活動採購案,,A.25.2,文化部影視及流行音樂產業局,8000000.0,7920000.0,7920000.0,新視紀整合行銷傳播股份有限公司,70370954,1,1,2019-12-19,108,procurement
bamid_full,20201209,更正決標公告,D108-050,「2020赴法國坎城MIDEM國際唱片展業務暨巴黎演出活動」(後續擴充)採購案,,A.25.2,文化部影視及流行音樂產業局,14850000.0,14780000.0,14780000.0,大京藝術創新有限公司,53353559,1,1,2020-12-09,109,procurement
bamid_full,20200113,決標公告,D108-051,第十一屆金音創作獎頒獎典禮暨亞洲音樂大賞系列活動(後續擴充)採購案,,A.25.2,文化部影視及流行音樂產業局,35000000.0,34790000.0,34790000.0,必應創造股份有限公司,54663862,1,1,2020-01-13,109,procurement
bamid_full,20200117,決標公告,D108-052,109年「流行音樂補助申請案雲端登錄平台維運」採購案(後續擴充),,A.25.2,文化部影視及流行音樂產業局,1000000.0,900000.0,990000.0,睿圓影音科技有限公司,50854170,1,1,2020-01-17,109,procurement
bamid_full,20200408,定期彙送,D109-007,「第31屆金曲獎決審會議音響設備租賃」採購案,,A.25.2,文化部影視及流行音樂產業局,220000.0,,,,,0,0,2020-04-08,109,procurement
bamid_full,20200520,決標公告,D109-014,「金音創作獎報名及評分系統維運」採購案(後續擴充),,A.25.2,文化部影視及流行音樂產業局,2950000.0,2940000.0,2940000.0,睿圓影音科技有限公司,50854170,1,1,2020-05-20,109,procurement
bamid_full,20201012,決標公告,D109-017,擴充109年「金曲獎頒獎典禮暨金曲國際音樂節等系列活動」採購案部分項目,,A.25.2,文化部影視及流行音樂產業局,16275000.0,16252630.0,16252630.0,臺灣電視事業股份有限公司,20685000,1,1,2020-10-12,109,procurement
bamid_full,20210712,更正決標公告,D109-018,「金曲獎報名及評分系統維運」採購案,,A.25.2,文化部影視及流行音樂產業局,3800000.0,3780000.0,3780000.0,睿圓影音科技有限公司,50854170,1,1,2021-07-12,110,procurement
bamid_full,20210712,定期彙送,D109-018-1,「金曲獎報名及評分系統維運」採購案(第一次契約變更),,A.25.2,文化部影視及流行音樂產業局,400360.0,,,,,0,0,2021-07-12,110,procurement
bamid_full,20211215,更正決標公告,D109-028,「第十二屆金音創作獎頒獎典禮暨亞洲音樂大賞系列活動」採購案,,A.25.2,文化部影視及流行音樂產業局,38000000.0,37450000.0,37450000.0,新視紀整合行銷傳播股份有限公司,70370954,1,3,2021-12-15,110,procurement
bamid_full,20211215,定期彙送,D109-028-3,變更「第十二屆金音創作獎頒獎典禮暨亞洲音樂大賞系列活動」採購案部分工作項目,,A.25.2,文化部影視及流行音樂產業局,141750.0,,,,,0,0,2021-12-15,110,procurement
bamid_full,20210512,更正決標公告,D109-030,「2021年美國南方音樂節（SXSW）展演活動及參演效益提升計畫」採購案,,A.25.2,文化部影視及流行音樂產業局,6000000.0,5950000.0,5950000.0,群青娛樂製作有限公司,55783127,1,2,2021-05-12,110,procurement
bamid_full,20221031,更正決標公告,D109-034,110年「流行音樂補助申請案雲端登錄平台維運」招標案,,A.25.2,文化部影視及流行音樂產業局,1000000.0,988000.0,988000.0,睿圓影音科技有限公司,50854170,1,1,2022-10-31,111,procurement
bamid_full,20201228,決標公告,D109-035,110年度「金曲獎頒獎典禮暨金曲國際音樂節等系列活動」採購案(後續擴充),,A.25.2,文化部影視及流行音樂產業局,65000000.0,64350000.0,64350000.0,臺灣電視事業股份有限公司,20685000,1,1,2020-12-28,109,procurement
bamid_full,20210113,決標公告,D109-037,「110年臺灣原創流行音樂大獎決賽頒獎典禮及相關宣傳推廣活動」採購案(後續擴充),,A.25.2,文化部影視及流行音樂產業局,9300000.0,9250000.0,9250000.0,新視紀整合行銷傳播股份有限公司,70370954,1,1,2021-01-13,110,procurement
bamid_full,20210407,決標公告,D110-006,「流行音樂產業之網路巨量資料分析應用輔助計畫」採購案,,A.25.2,文化部影視及流行音樂產業局,5400000.0,5150000.0,5150000.0,潮網科技股份有限公司,25128095,1,1,2021-04-07,110,procurement
bamid_full,20210326,決標公告,D110-007,「金音創作獎報名及評分維運系統」採購案(後續擴充),,A.25.2,文化部影視及流行音樂產業局,2950000.0,2940000.0,2940000.0,睿圓影音科技有限公司,50854170,1,1,2021-03-26,110,procurement
bamid_full,20210422,定期彙送,D110-009,「第32屆金曲獎決審會議音響設備租賃」採購案,,A.25.2,文化部影視及流行音樂產業局,200000.0,,,,,0,0,2021-04-22,110,procurement
bamid_full,20210506,決標公告,D110-010,「110年流行音樂產業新媒體運用暨內容推廣計畫」採購案,,A.25.2,文化部影視及流行音樂產業局,8000000.0,7798000.0,7798000.0,泛科知識股份有限公司,24935439,1,2,2021-05-06,110,procurement
bamid_full,20210506,定期彙送,D110-011,「會議場地租用、住宿及交通接駁」採購案,,A.25.2,文化部影視及流行音樂產業局,263290.0,,,,,0,0,2021-05-06,110,procurement
bamid_full,20210914,決標公告,D110-014,「2022年美國南方音樂節（SXSW）展演活動」採購案,,A.25.2,文化部影視及流行音樂產業局,11200000.0,11180000.0,11180000.0,群青娛樂製作有限公司,55783127,1,2,2021-09-14,110,procurement
bamid_full,20210907,決標公告,D110-015,增購110年「金曲獎頒獎典禮暨金曲國際音樂節等系列活動」採購案部分工作項目,,A.25.2,文化部影視及流行音樂產業局,5073500.0,5073500.0,5073500.0,臺灣電視事業股份有限公司,20685000,1,1,2021-09-07,110,procurement
bamid_full,20220105,更正定期彙送,D110-017,增購「金音創作獎報名及評分系統維運」採購案部分工作項目,,A.25.2,文化部影視及流行音樂產業局,145568.0,,,,,0,0,2022-01-05,111,procurement
bamid_full,20220706,更正決標公告,D110-018,111年「金曲獎頒獎典禮暨金曲國際音樂節系列活動」採購案,,A.25.2,文化部影視及流行音樂產業局,73200000.0,73200000.0,73200000.0,臺灣電視事業股份有限公司,20685000,1,1,2022-07-06,111,procurement
bamid_full,20220627,決標公告,D110-018-1,111年「金曲獎頒獎典禮暨金曲國際音樂節等系列活動」採購案-新增執行項目擴充,,A.25.2,文化部影視及流行音樂產業局,1570000.0,1570000.0,1570000.0,臺灣電視事業股份有限公司,20685000,1,1,2022-06-27,111,procurement
bamid_full,20220706,決標公告,D110-018-3,變更111年「金曲獎頒獎典禮暨金曲國際音樂節等系列活動」採購案部分工作項,,A.25.2,文化部影視及流行音樂產業局,4660000.0,4660000.0,4660000.0,臺灣電視事業股份有限公司,20685000,1,1,2022-07-06,111,procurement
bamid_full,20211230,決標公告,D110-021,「111年臺灣原創流行音樂大獎決賽頒獎典禮及相關宣傳推廣活動」採購案,,A.25.2,文化部影視及流行音樂產業局,9300000.0,9280000.0,9280000.0,新視紀整合行銷傳播股份有限公司,70370954,1,1,2021-12-30,110,procurement
bamid_full,20220627,更正決標公告,D110-023,「金曲獎報名及評分系統維運」採購案(後續擴充),,A.25.2,文化部影視及流行音樂產業局,3800000.0,3800000.0,3800000.0,睿圓影音科技有限公司,50854170,1,1,2022-06-27,111,procurement
bamid_full,20220627,定期彙送,D110-023-1,「金曲獎報名及評分系統維運」採購案增購部分工作項目 (第一次變更),,A.25.2,文化部影視及流行音樂產業局,600000.0,,,,,0,0,2022-06-27,111,procurement
bamid_full,20220112,決標公告,D110-028,111年「臺灣特色音樂國際展演之輸出與交流計畫」採購案,,A.25.2,文化部影視及流行音樂產業局,13800000.0,13750000.0,13750000.0,風潮音樂經紀股份有限公司,97109809,1,3,2022-01-12,111,procurement
bamid_full,20220214,決標公告,D110-029,111年「金音創作獎頒獎典禮暨亞洲音樂大賞系列活動」採購案,,A.25.2,文化部影視及流行音樂產業局,36500000.0,36435000.0,36435000.0,必應創造股份有限公司,54663862,1,3,2022-02-14,111,procurement
bamid_full,20220308,決標公告,D110-032,「金音創作獎報名及評分系統維運」採購案,,A.25.2,文化部影視及流行音樂產業局,3700000.0,3640000.0,3640000.0,睿圓影音科技有限公司,50854170,1,1,2022-03-08,111,procurement
bamid_full,20220307,決標公告,D111-001,「111年流行音樂產業新媒體運用暨內容推廣計畫」採購案,,A.25.2,文化部影視及流行音樂產業局,8200000.0,8100000.0,8100000.0,泛科知識股份有限公司,24935439,1,2,2022-03-07,111,procurement
bamid_full,20220208,決標公告,D111-004,111年「流行音樂補助申請案雲端登錄平台維運」採購案(後續擴充),,A.25.2,文化部影視及流行音樂產業局,1000000.0,990000.0,990000.0,睿圓影音科技有限公司,50854170,1,1,2022-02-08,111,procurement
bamid_full,20220420,決標公告,D111-010,111年「流行音樂產業之網路巨量資料分析應用輔助計畫」採購案,,A.25.2,文化部影視及流行音樂產業局,4500000.0,4360000.0,4360000.0,潮網科技股份有限公司,25128095,1,1,2022-04-20,111,procurement
bamid_full,20221107,決標公告,D111-021,「金曲獎報名及評分系統維運」採購案(後續擴充),,A.25.2,文化部影視及流行音樂產業局,3800000.0,3800000.0,3800000.0,睿圓影音科技有限公司,50854170,1,1,2022-11-07,111,procurement
bamid_full,20221128,決標公告,D111-024,「2023年美國南方音樂節(SXSW)展演活動」採購案(後續擴充),,A.25.2,文化部影視及流行音樂產業局,11200000.0,11194000.0,11194000.0,群青娛樂製作有限公司,55783127,1,1,2022-11-28,111,procurement
bamid_full,20230717,更正決標公告,D111-028,112年「金曲獎頒獎典禮暨金曲國際音樂節等系列活動」採購案(後續擴充),,A.25.2,文化部影視及流行音樂產業局,65000000.0,64900000.0,64900000.0,臺灣電視事業股份有限公司,20685000,1,1,2023-07-17,112,procurement
bamid_full,20230717,更正定期彙送,D111-028-1,變更112年「金曲獎頒獎典禮暨金曲國際音樂節等系列活動」採購案部分工作項 (第一次變更),,A.25.2,文化部影視及流行音樂產業局,1180247.0,,,,,0,0,2023-07-17,112,procurement
bamid_full,20230710,定期彙送,D111-028-2,112年「金曲獎頒獎典禮暨金曲國際音樂節等系列活動」採購案-新增執行項目擴充(第二次變更),,A.25.2,文化部影視及流行音樂產業局,1100000.0,,,,,0,0,2023-07-10,112,procurement
bamid_full,20230103,決標公告,D111-030,「112年臺灣原創流行音樂大獎決賽頒獎典禮及相關推廣活動」採購案(後續擴充),,A.25.2,文化部影視及流行音樂產業局,9300000.0,9298000.0,9298000.0,新視紀整合行銷傳播股份有限公司,70370954,1,1,2023-01-03,112,procurement
bamid_full,20230116,決標公告,D111-031,112年「流行音樂補助申請案雲端登錄平台維運」採購案(後續擴充),,A.25.2,文化部影視及流行音樂產業局,1000000.0,992000.0,992000.0,睿圓影音科技有限公司,50854170,1,1,2023-01-16,112,procurement
bamid_full,20230327,決標公告,D112-001,112 年「臺灣特色音樂國際展演提升與交流計畫」採購案,,A.25.2,文化部影視及流行音樂產業局,13948000.0,13948000.0,,風潮音樂經紀股份有限公司,97109809,1,1,2023-03-27,112,procurement
bamid_full,20230328,決標公告,D112-007,「112年流行音樂產業社群與影音串流平臺運用暨內容推廣計畫」採購案,,A.25.2,文化部影視及流行音樂產業局,8800000.0,8650000.0,8680000.0,泛科知識股份有限公司,24935439,1,1,2023-03-28,112,procurement
bamid_full,20230315,公開取得報價單或企劃書公告,D112-009,「第34屆金曲獎複決審會議音響設備租賃」採購案,"財物類47-收音機、電視,通訊器材及儀器",A.25.2,文化部影視及流行音樂產業局,460000.0,,,,,0,0,2023-03-15,112,procurement
bamid_full,20231117,更正決標公告,D112-010,「112年金音創作獎頒獎典禮暨亞洲音樂大賞系列活動」採購案(後續擴充),,A.25.2,文化部影視及流行音樂產業局,36500000.0,36470000.0,36470000.0,必應創造股份有限公司,54663862,1,1,2023-11-17,112,procurement
bamid_full,20231016,定期彙送,D112-010-2,變更112年「金音創作獎頒獎典禮暨亞洲音樂大賞系列活動」採購案(後續擴充)部分工作項目(第二次變更),,A.25.2,文化部影視及流行音樂產業局,900000.0,,,,,0,0,2023-10-16,112,procurement
bamid_full,20231117,定期彙送,D112-010-4,變更112年「金音創作獎頒獎典禮暨亞洲音樂大賞系列活動」採購案(後續擴充)部分工作項目(第四次變更),,A.25.2,文化部影視及流行音樂產業局,400000.0,,,,,0,0,2023-11-17,112,procurement
bamid_full,20230328,決標公告,D112-011,「金音創作獎報名及評分系統維運」 採購案(後續擴充),,A.25.2,文化部影視及流行音樂產業局,3700000.0,3670000.0,3670000.0,睿圓影音科技有限公司,50854170,1,1,2023-03-28,112,procurement
bamid_full,20231221,更正決標公告,D112-012,「112-113年流行音樂拓展東南亞市場計畫」採購案,,A.25.2,文化部影視及流行音樂產業局,18050000.0,9027000.0,9027000.0,"典選音樂事業股份有限公司,合為貴有限公司","80597396,83503416",2,4,2023-12-21,112,procurement
bamid_full,20231215,決標公告,D112-016,113年「金曲獎頒獎典禮暨金曲國際音樂節系列活動」採購案,,A.25.2,文化部影視及流行音樂產業局,84490000.0,84090000.0,84090000.0,臺灣電視事業股份有限公司,20685000,1,1,2023-12-15,112,procurement
bamid_full,20230927,決標公告,D112-017,「2024年美國南方音樂節（SXSW）展演活動」採購案,,A.25.2,文化部影視及流行音樂產業局,12200000.0,12167600.0,12167600.0,群青娛樂製作有限公司,55783127,1,3,2023-09-27,112,procurement
bamid_full,20231122,決標公告,D112-024,「金曲獎報名及評分系統維運」採購案,,A.25.2,文化部影視及流行音樂產業局,4600000.0,4550000.0,4550000.0,睿圓影音科技有限公司,50854170,1,2,2023-11-22,112,procurement
bamid_full,20240126,決標公告,D112-030,113年「流行音樂補助申請案雲端登錄平台維運」採購案,,A.25.2,文化部影視及流行音樂產業局,1000000.0,1000000.0,1000000.0,睿圓影音科技有限公司,50854170,1,1,2024-01-26,113,procurement
bamid_full,20240313,決標公告,D113-001,「113年臺灣原創流行音樂大獎決賽頒獎典禮及相關推廣活動」採購案,,A.25.2,文化部影視及流行音樂產業局,11000000.0,10975000.0,10975000.0,新視紀整合行銷傳播股份有限公司,70370954,1,1,2024-03-13,113,procurement
bamid_full,20241213,更正決標公告,D113-005,113年「金音創作獎頒獎典禮暨亞洲音樂大賞系列活動」採購案,,A.25.2,文化部影視及流行音樂產業局,41820000.0,41780000.0,41780000.0,必應創造股份有限公司,54663862,1,2,2024-12-13,113,procurement
bamid_full,20241115,定期彙送,D113-005-3,辦理「113年金音創作獎頒獎典禮暨亞洲音樂大賞系列活動」採購案履約標的擴充(第三次變更),,A.25.2,文化部影視及流行音樂產業局,350000.0,,,,,0,0,2024-11-15,113,procurement
bamid_full,20241213,定期彙送,D113-005-4,變更113年「金音創作獎頒獎典禮暨亞洲音樂大賞系列活動」採購案部分工作項目(第四次變更),,A.25.2,文化部影視及流行音樂產業局,79757.0,,,,,0,0,2024-12-13,113,procurement
bamid_full,20240402,定期彙送,D113-006,「辦理113年流行音樂展演活動」採購案,,A.25.2,文化部影視及流行音樂產業局,900000.0,,,,,0,0,2024-04-02,113,procurement
bamid_full,20240515,更正決標公告,D113-008,「金音創作獎報名及評分系統維運」 採購案(後續擴充),,A.25.2,文化部影視及流行音樂產業局,3700000.0,3690000.0,3690000.0,睿圓影音科技有限公司,50854170,1,1,2024-05-15,113,procurement
bamid_full,20240515,定期彙送,D113-008-1,「金音創作獎報名及評分系統維運」 採購案(後續擴充)增購翻譯(第一次契約變更),,A.25.2,文化部影視及流行音樂產業局,84000.0,,,,,0,0,2024-05-15,113,procurement
bamid_full,20240424,定期彙送,D113-011,「第 35 屆金曲獎複決審會議音響設備租賃」採購案,,A.25.2,文化部影視及流行音樂產業局,500000.0,,,,,0,0,2024-04-24,113,procurement
bamid_full,20240409,決標公告,D113-013,113年「臺灣特色音樂國際展演提升與交流計畫」採購案(後續擴充),,A.25.2,文化部影視及流行音樂產業局,13948000.0,13918000.0,13918000.0,風潮音樂經紀股份有限公司,97109809,1,1,2024-04-09,113,procurement
bamid_full,20250103,決標公告,D113-017,114年「金曲獎頒獎典禮暨金曲國際音樂節系列活動」採購案,,A.25.2,文化部影視及流行音樂產業局,84500000.0,84300000.0,84300000.0,臺灣電視事業股份有限公司,20685000,1,1,2025-01-03,114,procurement
bamid_full,20241107,決標公告,D113-021,「金曲獎報名及評分系統維運」採購案(後續擴充),,A.25.2,文化部影視及流行音樂產業局,4600000.0,4585000.0,4585000.0,睿圓影音科技有限公司,50854170,1,1,2024-11-07,113,procurement
bamid_full,20241206,決標公告,D113-024,「2025年美國南方音樂節（SXSW）展演活動」採購案(後續擴充),,A.25.2,文化部影視及流行音樂產業局,12200000.0,12170000.0,12170000.0,群青娛樂製作有限公司,55783127,1,1,2024-12-06,113,procurement
bamid_full,20250212,定期彙送,D114-001,114年「流行音樂補助申請案雲端登錄平台維運」採購案(後續擴充),,A.25.2,文化部影視及流行音樂產業局,1000000.0,,,,,0,0,2025-02-12,114,procurement
bamid_full,20250415,決標公告,D114-002,「金音創作獎報名及評分系統維運」採購案,,A.25.2,文化部影視及流行音樂產業局,4000000.0,4000000.0,,睿圓影音科技有限公司,50854170,1,2,2025-04-15,114,procurement
bamid_full,20250306,決標公告,D114-003,「114年臺灣原創流行音樂大獎決賽頒獎典禮及相關推廣活動」採購案(後續擴充),,A.25.2,文化部影視及流行音樂產業局,11000000.0,10980000.0,10983000.0,新視紀整合行銷傳播股份有限公司,70370954,1,1,2025-03-06,114,procurement
bamid_full,20250218,無法決標公告,D114-004,「114年流行音樂展演活動」採購案,,A.25.2,文化部影視及流行音樂產業局,900000.0,,,,,0,0,2025-02-18,114,procurement
bamid_full,20250417,決標公告,D114-005,114年「金音創作獎頒獎典禮暨亞洲音樂大賞系列活動」採購案(後續擴充),,A.25.2,文化部影視及流行音樂產業局,41670000.0,41600000.0,41600000.0,必應創造股份有限公司,54663862,1,1,2025-04-17,114,procurement
bamid_full,20250417,定期彙送,D114-010,「第36屆金曲獎複決審會議音響設備租賃」採購案,,A.25.2,文化部影視及流行音樂產業局,500000.0,,,,,0,0,2025-04-17,114,procurement
bamid_full,20250611,決標公告,D114-013,「流行音樂拓展東南亞市場計畫」採購案,,A.25.2,文化部影視及流行音樂產業局,19500000.0,19493425.0,19493425.0,角頭文化事業股份有限公司,16285988,1,4,2025-06-11,114,procurement
bamid_full,20250926,決標公告,D114-018,「2026年美國南方音樂節（SXSW）展演活動」採購案,,A.25.2,文化部影視及流行音樂產業局,12200000.0,12150000.0,12150000.0,群青娛樂製作有限公司,55783127,1,4,2025-09-26,114,procurement
bamid_full,20251113,決標公告,D114-024,115年「金曲獎報名及評分系統維運」採購案(後續擴充),,A.25.2,文化部影視及流行音樂產業局,4600000.0,4585000.0,4585000.0,睿圓影音科技有限公司,50854170,1,1,2025-11-13,114,procurement
bamid_full,20251127,決標公告,D114-025,115年「金曲獎頒獎典禮暨金曲國際音樂節系列活動」採購案(後續擴充),,A.25.2,文化部影視及流行音樂產業局,84500000.0,84430000.0,84430000.0,臺灣電視事業股份有限公司,20685000,1,1,2025-11-27,114,procurement
bamid_full,20260324,決標公告,D115-002,「115年臺灣原創流行音樂大獎決賽頒獎典禮及相關推廣活動」採購案,,A.25.2,文化部影視及流行音樂產業局,1100000.0,10980000.0,10980000.0,新視紀整合行銷傳播股份有限公司,70370954,1,1,2026-03-24,115,procurement
bamid_full,20260213,經公開評選或公開徵求之限制性招標公告,D115-005,115年「金音創作獎頒獎典禮暨GIMA LIVE活動」採購案,"勞務類96-娛樂,文化,體育服務",A.25.2,文化部影視及流行音樂產業局,43000000.0,,,,,0,0,2026-02-13,115,procurement
bamid_full,20260316,公開取得報價單或企劃書公告,D115-010,「115年流行音樂展演活動」採購案,"勞務類96-娛樂,文化,體育服務",A.25.2,文化部影視及流行音樂產業局,900000.0,,,,,0,0,2026-03-16,115,procurement
bamid_full,20260316,公開取得報價單或企劃書公告,D115-011,「第37屆金曲獎複決審會議音響設備租賃」採購案,"財物類47-收音機、電視,通訊器材及儀器",A.25.2,文化部影視及流行音樂產業局,500000.0,,,,,0,0,2026-03-16,115,procurement
